{
  "name": "outbox-connector",
  "config": {
    "connector.class": "io.debezium.connector.postgresql.PostgresConnector",
    "database.hostname": "postgres",
    "database.port": "5432",
    "database.user": "postgres",
    "database.password": "postgres",
    "database.dbname": "inventory",
    "topic.prefix": "dbz",
    "slot.name": "dbz_outbox_slot",
    "publication.autocreate.mode": "filtered",
    "plugin.name": "pgoutput",
    "table.include.list": "public.outbox",
    "tombstones.on.delete": "false",
    "include.schema.changes": "false",
    "snapshot.mode": "initial",
    "transforms": "outbox",
    "transforms.outbox.type": "io.debezium.transforms.outbox.EventRouter",
    "transforms.outbox.route.by.field": "aggregate_type",
    "transforms.outbox.route.topic.replacement": "outbox.${routedByValue}",
    "transforms.outbox.key.fields": "aggregate_id",
    "transforms.outbox.add.headers": "type,aggregate_type,aggregate_id,created_at",
    "transforms.outbox.table.fields.additional.placement": "type:header,aggregate_type:header,aggregate_id:header,created_at:header",
    "transforms.outbox.table.field.event.id": "id",
    "transforms.outbox.table.field.event.key": "aggregate_id",
    "transforms.outbox.table.field.event.type": "type",
    "transforms.outbox.table.field.event.timestamp": "created_at",
    "transforms.outbox.table.field.event.payload": "payload",
    "key.converter": "org.apache.kafka.connect.json.JsonConverter",
    "value.converter": "org.apache.kafka.connect.json.JsonConverter",
    "key.converter.schemas.enable": "false",
    "value.converter.schemas.enable": "false"
  }
}