{
  "name": "inventory-connector",
  "config": {
    "connector.class": "io.debezium.connector.postgresql.PostgresConnector",
    "database.hostname": "postgres",
    "database.port": "5432",
    "database.user": "postgres",
    "database.password": "postgres",
    "database.dbname": "inventory",
    "topic.prefix": "dbz",
    "slot.name": "dbz_slot",
    "publication.autocreate.mode": "filtered",
    "plugin.name": "pgoutput",
    "table.include.list": "public.customers,public.orders",
    "tombstones.on.delete": "false",
    "include.schema.changes": "false",
    "snapshot.mode": "initial",
    "decimal.handling.mode": "double",
    "heartbeat.interval.ms": "10000",
    "key.converter": "org.apache.kafka.connect.json.JsonConverter",
    "value.converter": "org.apache.kafka.connect.json.JsonConverter",
    "key.converter.schemas.enable": "false",
    "value.converter.schemas.enable": "false"
  }
}