{
  "name": "inventory-connector",
  "config": {
    "connector.class": "io.debezium.connector.postgresql.PostgresConnector",
    "plugin.name": "pgoutput",
    "database.hostname": "pg",
    "database.port": "5432",
    "database.user": "postgres",
    "database.password": "postgres",
    "database.dbname": "inventory",
    "topic.prefix": "server1",
    "slot.name": "debezium",
    "publication.autocreate.mode": "filtered",
    "table.include.list": "public.customers,public.orders",
    "tombstones.on.delete": "true",
    "heartbeat.interval.ms": "10000",
    "max.batch.size": "2048",
    "max.queue.size": "8192",
    "poll.interval.ms": "1000",
    "snapshot.mode": "initial",
    "include.schema.changes": "false",
    "provide.transaction.metadata": "true"
  }
}